kerndaten_id,title,lat,long
1,Dazit-Porphyr “Porfido rosso antico“,0,0
2,Glimmer,50.7333333333,13.7666666667
3,Kap-Stachelschwein (<i>Hystrix africaeaustralis</i>) [Rasselbecher],-33.9333333333,18.4666666667
4,Limerick (Steinmeteorit),52.5666666667,-8.8
646,Stannern (Steinmeteorit),49.2833333333,15.5666666667
5,"Stammstück eines Baumfarns (<i>Cyathea arborea</i>)
",0,0
6,Fiederblättchen und Sporangien des fossilen Farns <i>Scolecopteris elegans</i>,50.4833333333,12.1333333333
7,Allanit-(Ce),63.0833333333,-50.6666666667
8,Brachiopode (<i>Pliothyrina grandis</i>),0,0
9,Ethnologie,0,0
10,Dazit-Porphyr “Porfido rosso antico“,0,0
11,Vulkanische Asche,51.7833333333,-177.9166666667
12,Schwefel,28.2733333333,-16.6422222222
13,Graphit,66,175
14,Chalkopyrit,50.3,-5.2166666667
15,Kieselsinter,0,0
16,Lapislazuli,53,107.6666666667
17,Schriftgranit,57.6833333333,-2.6833333333
18,Baryt (auf Fluorit),53.0166666667,-1.5333333333
19,"Chaetitider Schwamm (<i>Chaetetis radians</i>?), aufgewachsen auf einer rugosen Koralle (<i>Petalaxis</i> sp.?)",0,0
20,Steinbach [Grimma] (Stein-Eisen-Meteorit),50.5,-12.5
21,Krasnojarsk (Stein-Eisen-Meteorit),54.9,91.8
22,Campo del Cielo (Eisenmeteorit),-27.4666666667,-60.5833333333
23,Brachiopoden (<i>Pliothyrina grandis</i>),0,0
24,Brachiopoden (<i>Pliothyrina grandis</i>),52.2833333333,8.05
25,Anatomie und Anthropologie,0,0
26,Brachiopoden (<i>Pliothyrina grandis</i>),52.2833333333,8.05
27,Wollhaarmammut (<i>Mammuthus primigenius</i>) [Backenzahn],0,0
28,Mensch (Georgierin) [Schädel],55.75,37.7
29,Mensch (Tahitianer) [Schädel],-17,-150
172,Mensch (Kroate) [Schädel],0,0
30,Mensch (Evenke) [Schädel],0,0
31,Mensch (Javaner) [Schädel],0,0
32,Mensch (Grieche) [Schädel],38,23.7333333333
33,Mensch (Türke) [Schädel],46.6166666667,31.55
34,Mensch (Norweger) [Schädel],62,10
35,"Farnholz ""<i>Psaronius</i>""",50.9,13.4
36,Mensch (Engländer) [Schädel],55.75,37.7
37,Mensch (Schotte) [Schädel],0,0
38,Mensch (Russe) [Schädel],0,0
39,Mensch (Kroate) [Schädel],0,0
40,Mensch (Franzose) [Schädel],46,2
41,Mensch (Niederländer) [Schädel],0,0
42,Mensch (Russe) [Schädel],55.75,37.7
43,Mensch (Litauer) [Schädel],0,0
44,Mensch (Italiener: Sizilianer) [Schädel],38.1333333333,13.3833333333
45,Mensch (Franzose) [Schädel],48.7666666667,11.45
46,Mensch (Italiener) [Schädel],55.75,37.7
47,Mensch (Kasache) [Schädel],51.8333333333,55
48,Wollhaarmammut (<i>Mammuthus primigenius</i>) [Backenzahn],52.1833333333,10.4833333333
49,Wollhaarmammut (<i>Mammuthus primigenius</i>) [Backenzahn],0,0
50,Wollhaarnashorn (<i>Coelodonta antiquitatis</i>) [Backenzahn],51.7016666667,10.1558333333
51,Wollhaarnashorn (<i>Coelodonta antiquitatis</i>) [Hinterhauptfragment],51.6888888889,10.2836111111
52,Wollhaarnashorn (<i>Coelodonta antiquitatis</i>) [Beckenfragment],51.6888888889,10.2836111111
53,Wollhaarnashorn (<i>Coelodonta antiquitatis</i>) [Axis],51.6888888889,10.2836111111
54,Wollhaarnashorn (<i>Coelodonta antiquitatis</i>) [Schädelfragment],0,0
55,"Wollhaarnashorn (<i>Coelodonta antiquitatis</i>) [Oberarm, unvollständig]",51.6888888889,10.2836111111
56,Wollhaarnashorn (<i>Coelodonta antiquitatis</i>) [Atlas],51.6888888889,10.2836111111
57,Wollhaarnashorn (<i>Coelodonta antiquitatis</i>) [Backenzahn],51.6888888889,10.2836111111
58,"Wollhaarnashorn (<i>Coelodonta antiquitatis</i>, juvenil) [Oberarm, unvollständig]",51.6888888889,10.2836111111
59,Konglomerat (Nagelfluh),46.9833333333,8.0666666667
60,Konglomerat (Nagelfluh),46.9833333333,8.0666666667
61,Konglomerat (Nagelfluh),46.9833333333,8.0666666667
62,Kaolinit,53.0166666667,-1.5333333333
63,Kaolinit,53.0166666667,-1.5333333333
64,Malachit (und Cuprit),0,0
65,Obsidian,38.5,14.95
66,Quarz (Bergkristall),0,0
67,unbestimmtes Laubblatt,47.6666666667,8.9
68,"Muschel, (Rudist: <i>Heterodiceras</i> sp.) ",46.1,6.1333333333
69,Quarz (gebänderter Jaspis),0,0
70,Quarz (gebänderter Jaspis),0,0
71,Quarz (gebänderter Jaspis),0,0
72,Calcit (und Fluorit),0,0
73,Calcit (und Fluorit),0,0
74,Turmalin (Schörl) in Glimmerschiefer,47.1666666667,15.1666666667
75,Schnecken (<i>Paraglauconia</i> sp.),52.5166666667,9.4666666667
76,Schnecken (<i>Paraglauconia</i> sp.),52.5166666667,9.4666666667
77,Schnecken (<i>Paraglauconia</i> sp.),52.5166666667,9.4666666667
78,"Kohle (Sapropelkohle, Gagat)",53.7,-2.6666666667
79,Opal (Hyalith),50.1,8.6833333333
80,Stibnit,0,0
81,Erdöl (Rohöl),13.1666666667,-59.5333333333
82,Kupfer mit Chrysokoll,0,0
83,Quarz (Bergkristall) mit Wassereinschluss inklusive beweglicher Libelle,0,0
84,Quarz (Prasem),49.0833333333,11.6166666667
85,Waschgold,0,0
86,roter Granit,38.4166666667,27.1666666667
87,Schnecken,51.0666666667,-1.25
88,Vivianit [als Hohlraumfüllung von Muscheln (<i>Dreissena polymorpha</i>)],45.3666666667,36.45
89,Vivianit [als Hohlraumfüllung von Muscheln (u.a. <i>Dreissena polymorpha</i>)],45.3666666667,36.45
90,Vivianit [als Hohlraumfüllung von Muscheln (<i>Dreissena polymorpha</i>)],45.3666666667,36.45
91,Nummuliten (im Nummulitenkalk),0,0
92,Nummulit,0,0
93,Nummuliten (halbiert),0,0
94,Nummuliten (im Nummulitenkalk),0,0
95,Chalkanthit,0,0
96,Kapelan (<i>Mallotus villosus</i>),0,0
344,Kohle (Gagat),0,0
97,Schnecken (<i>Dilatilabrum fortisii</i>),0,0
98,Schnecke (<i>Dilatilabrum fortisii</i>),45.4833333333,11.2833333333
99,Ammonit  (<i>Cadochamoussetia subpatruus</i>),0,0
100,Korallen (Scleractinia),0,0
101,fossiles Holz,0,0
102,Quarz (Rauchquarz),0,0
103,Baryt,0,0
104,Hämatit,0,0
105,Gips,0,0
106,Opal (Kascholong),62,-7
107,Quarz (Chalcedon),0,0
108,Almandin (Granat) in Glimmer (Biotit),0,0
109,Quarz (Chrysopras),0,0
110,Quarz (Chrysopras),0,0
111,Cerussit,0,0
112,Quarz (Chalcedon: Achat),51.5833333333,10.8
113,"Holz (opalisiert), Holzopal",0,0
114,Opal (Hydrophan),51.2833333333,12.95
115,Opal (Edelopal und Hydrophan),48.7333333333,21.25
116,Wollhaarnashorn (<i>Coelodonta antiquitatis</i>) [Backenzähne],51.85,10.7166666667
117,Cölestin,52.2,9.3666666667
118,Quarz mit Aktinolith-Einschlüssen,0,0
171,Alunit,51.5333333333,14.7166666667
119,Kaolinit,0,0
120,Kaolinit,0,0
121,"Bitumen (elastisch), Elaterit, auf Bleiglanz",53.0166666667,-1.5333333333
122,Bitumen (fest),0,0
123,Bitumen (fest),0,0
124,Bitumen (fest),0,0
125,Mensch (Deutscher) [Schädel],50.4594444444,7.4686111111
126,Mensch (Deutscher) [Schädel],51.3,12.0666666667
127,Erdöl (Rohöl),52.3833333333,10.2666666667
128,Mensch (Deutscher) [Schädel],50.9791666667,11.4927777778
129,Mensch (Deutscher) [Schädel],51.3,12.0666666667
130,Erdöl (Rohöl),0,0
131,Mensch (Deutsche) [Schädel],51.1036111111,13.4027777778
132,Mensch (Deutscher?) [Schädel]_nicht in handschr. Kat.,51.3833333333,11.6
133,(243) Deutsche,48.25,16.35
134,Mensch (Deutscher) [Schädel],50.7333333333,7.1
135,(255) Deutsche_20,0,0
136,(256) Deutsche_21,51.5333333333,9.95
137,(257) Deutsche_22,51.5333333333,9.95
138,(258) Deutsche_23,51.5333333333,9.95
139,(259) Deutsche_24,51.5333333333,9.95
140,Mensch (Engländer) [Schädel],50.8666666667,0.0166666667
141,Mensch (Schotte) [Schädel],55.8833333333,-4.25
142,Mensch (Daurer) [Schädel],50.3333333333,137.1666666667
143,(234) Deutscher_b_fraglich BLB,52.25,10.5
144,Mensch (Niederländer) [Schädel],52.45,5.1166666667
145,Topas,50.08,12.4511111111
146,Pyrop (Granat),49.3333333333,14.5
147,Quarz (Doppelender),51,7
148,Opal (Jaspopal),0,0
149,Quarz (Bergkristall) mit Rutil-Einschlüssen,41,-3
150,Beryll,46.05,1.3666666667
151,Azurit,0,0
152,Mensch (Niederländer) [Schädel],52.6666666667,5.5833333333
153,Mensch (Engländer) [Schädel],51.0833333333,1.0833333333
154,Beryll (Aquamarin),52.0333333333,116.6333333333
155,Mensch (Irländer) [Schädel],51.5,-0.1666666667
156,Mensch (Schotte) [Schädel],55.8333333333,-3.0666666667
157,Mensch (Schottin) [Schädel],56.9,-6.1666666667
158,Mensch (Pole) [Schädel],49.8394444444,24.0327777778
159,Quarz (Rosenquarz),0,0
160,Molybdänit (auf Quarz),52.0333333333,116.6333333333
161,Silber (mit Argentit?) auf Baryt,51.1666666667,82.1833333333
162,Silber (auf Quarz),51.1666666667,82.1833333333
163,Sphalerit,0,0
164,Ammoniten (unbestimmt),51.5408333333,9.9727777778
165,"Topas (mit Baryt, Quarz und Muskovit)",0,0
166,Fluorit mit Calcit,0,0
167,Fluorit und Calcit,0,0
168,Schwefel,51.1666666667,82.1833333333
169,Pyrit,56.9111111111,60.7916666667
170,Pyrit,56.9111111111,60.7916666667
173,Mensch (Russe) [Schädel],0,0
174,Quarz (Chalcedon: Achat),27,30
175,Mensch (Russe) [Schädel],0,0
176,Mensch (Kalmücke) [Schädel],0,0
177,Schwefel,0,0
178,Mensch (Bamare) [Schädel],17.3,96.5166666667
179,Beryll (Aquamarin),52.0333333333,116.6333333333
180,Mensch (Chinese) [Schädel],0,0
181,Mensch (Pole) [Schädel],52.25,10.5
182,Mensch (Javaner) [Schädel],-6.1333333333,106.75
183,Mensch (Javaner) [Schädel],-8,111
184,Kupfer (gediegen),54.7066666667,147.7172222222
185,Mensch (Javaner) [Schädel],55.7166666667,12.5666666667
186,Mensch (Javaner) [Schädel],-8,111
187,Muskovit,0,0
188,Mensch (Madurese) [Schädel],-7,113.4166666667
189,Mensch (Balinesin) [Schädel],-8.5,115
190,Mensch (Ägypter) [Schädel einer Mumie],27,30
191,Elektrum,0,0
192,Quarz (gebänderter Jaspis),0,0
193,Crustacea indet.,51.4166666667,0.8333333333
194,Holz,0,0
195,Holz (angebohrt),0,0
196,Holz,0,0
197,Mensch (Ägypter) [mumifizierter Kopf],27,30
198,Mensch (Afrikaner) [Schädel],0,0
199,Mensch (Guineanerin) [Schädel],52.35,4.9
200,Mensch (Mulatte) [Schädel],6.8122222222,-58.17
201,Mensch (Marquesaner) [Trophäenschädel],-8.8666666667,-140.1
202,Mensch (Karibe) [Schädel],13.25,-61.2
203,"Pisolith, Onkolith",0,0
204,"Pisolith, Onkolith",0,0
205,"Pisolith, Onkolith",0,0
206,Pisolith,0,0
207,Kieselsinter,0,0
208,Belemniten,0,0
209,Holz (zum Teil angebohrt),55.75,49.1666666667
210,Konglomerat,0,0
211,Oolithkalk mit Muschelresten,46.8166666667,29.4833333333
212,Feldspat in zum Teil schriftgranitischen Verwachsungen mit Quarz ,0,0
213,Birkenholz,0,0
214,Calcit,0,0
215,Calcit,0,0
216,Calcit,0,0
217,Malachit,0,0
218,Mensch (Armenier) [Schädel],49.8394444444,24.0327777778
219,"Mensch (Korjake, Itelmene oder Ewene) [Schädel]",0,0
220,Mensch (Jakute) [Schädel],0,0
221,Malachit,47,51.8333333333
222,Mensch (Tschude?) [Schädel],0,0
223,Mensch (Kalmücke) [Schädel],0,0
224,Mensch (Javanerin) [Schädel],-8,111
225,Mensch (Amboinese) [Schädel]_fraglich BLB,-3.6833333333,128.1666666667
226,Mensch (Khoisanfrau) [Schädel],0,0
227,Mensch (Grönländerin) [Schädel],64.4833333333,50.7833333333
228,Mensch (Papua?) [Schädel],-6.1333333333,106.75
229,"Malachit, Azurit (und Cerussit)",0,0
230,Azurit und Malachit,50.9833333333,81.5
231,Azurit und Malachit (assoziiert mit fossilem Holzrest),0,0
232,Malachit und Azurit,0,0
233,Koralle (Rugosa),57.0333333333,34.9666666667
234,Koralle (Rugosa),57.0333333333,34.9666666667
235,Calcit,0,0
236,Calcit,0,0
237,Chrysokoll,0,0
238,Malachit,47,51.8333333333
239,Cerussit; Galenit,0,0
240,Azurit und Malachit,50.9313888889,20.5655555556
241,Malachit,0,0
242,Malachit,0,0
243,Malachit,0,0
244,Malachit,0,0
245,Azurit und Malachit (und Chalkosin?),58.8666666667,60.8
246,Azurit und Malachit,50.9313888889,20.5655555556
247,Calcit und Malachit,0,0
248,Calcit und Malachit,58.8666666667,60.8
249,Vivianit,0,0
250,Smithsonit,51.9833333333,116.5833333333
251,Chlorargyrit,0,0
252,Chlorargyrit,0,0
253,Vivianit,0,0
254,Cerussit,51.9833333333,116.5833333333
255,Cerussit,0,0
256,Mimetesit,0,0
257,Graphit,66,175
258,Graphit,52.0333333333,116.6333333333
259,Porphyrischer Vulkanit,0,0
260,Porphyrischer Vulkanit,0,0
261,Porphyrischer Vulkanit,0,0
262,Gold (in Quarz),57.6902777778,61.0169444444
263,Elektrum (auf Azurit),0,0
264,Krokoit,56.9111111111,60.7916666667
265,Krokoit,0,0
266,Krokoit,56.8333333333,60.5833333333
267,Kupfer (mit Cuprit und Malachit),58.8666666667,60.8
268,Elektrum,51.1666666667,-82.1833333333
390,"Beilklinge ""toki pounamu"" aus Nephrit (abgebrochen)",0,0
269,Silber,51.1666666667,82.1833333333
270,Gold,0,0
271,Silber,51.1666666667,82.1833333333
272,Silber (und Quarz),51.1666666667,82.1833333333
273,Kupfer (gediegen),0,0
274,Kupfer (gediegen),51.1666666667,82.1833333333
275,Kupfer (gediegen),47,51.8333333333
276,Kupfer (gediegen),47,51.8333333333
277,"Kupfer (gediegen, mit Malachit und Calcit)",58.8666666667,60.8
278,"Kupfer (gediegen, mit Cuprit und Gips auf Schieferton)",0,0
279,Kupfer (gediegen),58.8666666667,60.8
280,Kupfer (gediegen),58.8666666667,60.8
281,Kupfer (gediegen),61,31.5
282,"Kupfer (gediegen, mit Cuprit und Malachit)",0,0
283,Kupfer (gediegen),58.8666666667,60.8
284,Kupfer (gediegen),58.8666666667,60.8
285,Gold (in Quarz),56.8333333333,60.5833333333
286,Sonstiges,0,0
287,Silber (auf Hornstein),51.1666666667,82.1833333333
288,Silber (auf Hornstein),51.1666666667,82.1833333333
289,"Andradit (Demantoid, Granat)",0,0
290,Wulfenit,0,0
291,Magnetit,0,0
292,Magnetit (Sand),0,0
293,Magnetit (Sand),0,0
294,Magnetit (Sand),0,0
295,Magnetit (Sand),0,0
296,Magnetit (Sand),0,0
297,Strontianit,56.7,-5.5666666667
298,Magnetit (Sand),0,0
299,"Muscheln (""versteinerte Ziegenklauen"", <i>Congeria</i>)",0,0
300,"Konglomerat (""rothe todte liegende"")",50.9666666667,10.3
301,Kohle (goldhaltig?),0,0
302,Kohle (goldhaltig?),0,0
303,Korallen (Rugosa),50.3119444444,6755
304,Cerussit,0,0
305,Cerussit,0,0
306,Cerussit,0,0
307,Cerussit,0,0
308,Azurit,51.2666666667,82.5166666667
309,Azurit,60,47
310,Azurit und Malachit,51.1666666667,82.1833333333
311,Azurit und Malachit,50.9833333333,81.5
312,Steinkohle,0,0
313,Holz,50.25,10.9666666667
314,Smithsonit,0,0
315,Topas und Rauchquarz,0,0
316,Turmalin (Schörl) in Talkschiefer,0,0
317,Turmalin (Schörl),0,0
318,Beryll,0,0
319,Beryll,0,0
320,Lapislazuli,39.5,64.5
321,Azurit und Malachit,0,0
322,Malachit,0,0
323,Muskovit,0,0
324,Serpentin,0,0
325,Tremolith,0,0
326,Quarz (Rosenquarz),48,90
327,Minium,0,0
328,Kieselzinkerz,0,0
329,Kieselzinkerz,48,90
330,Quarz (Dendriten-Jaspis),0,0
331,"Bitumen (elastisch), natürlicher Asphalt, auf Chalcedon",0,0
332,Topas (mit Baryt),0,0
333,Mikroklin (Amazonit),0,0
334,Lapislazuli,42,43.5
335,Quarz (gebänderter Jaspis),0,0
336,Quarz (Chalcedon),0,0
337,Baumstamm (<i>Sigillaria</i>),50.8166666667,6.2666666667
338,Seelilie [Stielrest],51.5408333333,9.9727777778
339,Quarz (Chalcedon: Achat),0,0
341,"Quarz (Achat, ""Augenachat"")",0,0
340,Austern,0,0
342,Quarz (Achat),37.5,14
343,Muschel (<i>Unio</i> sp.) [Steinkern],47.6666666667,8.9
345,Baryt auf Quarz,0,0
346,Epidot (Sand),0,0
347,Gips,48.8833333333,2.3333333333
348,Fluorit ,50.6333333333,12.9666666667
349,Zinnober,49.5833333333,7.5833333333
350,Seeigel (<i>Cidaris clavigera</i>) [Stacheln],51.2166666667,0.65
351,Bernstein,0,0
352,Korund,0,0
353,Korund,35,105
354,Korund (gepulvert),35,105
355,Korund,13.5,80.5
356,Staurolith,0,0
357,Titanit,0,0
358,Titanit,0,0
359,Titanit,0,0
360,Epidot,0,0
361,Epidot,0,0
362,Epidot (mit Quarz und Granat),59.75,14.25
363,Schörl,59.25,16.6666666667
364,Andalusit,50.8833333333,12.6
365,Baryt,51.6333333333,10.4666666667
366,Epidot,58.45,8.9333333333
367,Quarz (Chalcedon),50.75,12.7166666667
368,Quarz (Chalcedon),0,0
369,Quarz (Chalcedon),0,0
370,Quarz (Chalcedon) auf Stibnit,48.7,18.9166666667
371,Fluorit (mit Quarz und Bleiglanz),50.9166666667,13.35
372,Stibnit,48.7,18.9166666667
373,Stibnit,50.0166666667,11.6833333333
374,Fluorit,0,0
375,Cobaltin,60,10
376,Cobaltin,60,10
377,Arsenopyrit (und Quarz),0,0
378,Mensch (Rom) [Schädel],46.7833333333,23.6166666667
379,Mensch (Romni) [Schädel],47.5,19.05
380,Mensch (Rom) [Schädel],0,0
381,Mensch (Deutscher) [Schädel],51.5333333333,9.95
382,"Mensch (Deutsche) [Schädel, juvenil]",51.5333333333,9.95
383,Mensch (Deutscher?) [Schädel],0,0
384,Mensch (Deutscher) [Schädel],51.5333333333,9.95
385,Jude_nicht in handschr. Katalogen,51.5,10.5
386,Mensch (Lesgier) [Schädel],43.85,46.7166666667
387,Mensch (Georgierin) [Schädel],42,43.5
388,Mensch (Georgier) [Schädel],42,43.5
389,Mensch (Nenze) [Schädel],65.8333333333,44.2666666667
391,Malachit,0,0
392,Malachit,0,0
393,Basaltsäulenglieder,55.25,-6.4852777778
394,"Bitumen (elastisch), natürlicher Asphalt",51.8166666667,10.2333333333
395,"Bitumen (elastisch), Elaterit",53.35,-1.7666666667
396,Quarz-Sand,0,0
397,Quarz-Sand,0,0
398,Konglomerat (Nagelfluh),47.0811111111,8.5625
399,Kaolinit,50.4833333333,-4.6666666667
400,Kaolinit,51.75,9.5166666667
401,Travertin,40.4166666667,15
402,Getreidekörner (verbrannt),0,0
403,Erdöl (Rohöl),32,56
404,Wollhaarnashorn (<i>Coelodonta antiquitatis</i>) [Schädelfragment],0,0
405,Bitumen (fest),0,0
406,Anthrazit,50.7333333333,8.2666666667
407,Bitumen (elastisch),51.95,9.8
408,Trachyt mit Sanidin,50.6666666667,7.2166666667
409,"Dose aus versteinertem ""Megadendron""-Holz",50.9,13.4
410,Mensch (Deutsche) [Schädel],0,0
411,Mensch (Deutscher) [Schädel],0,0
412,Mensch (Niederländer) [Schädel],52.45,5.1166666667
413,Mensch (Niederländer) [Schädel],52.45,5.1166666667
414,Hornstein,50.25,10.9666666667
415,Kalkstein,16.3333333333,-61.4166666667
416,Mensch (Niederländer) [Schädel],52.45,5.1166666667
417,Mensch (Niederländerin) [Schädel],52.6666666667,5.5833333333
418,Mensch (Niederländer) [Schädel],52.6341666667,5.7777777778
419,Mensch (Däne) [Schädel],0,0
420,Mensch (Däne) [Unterkieferfragment],56,10
421,Mensch (Isländer) [Schädel],65,-18
422,Mensch (Schotte) [Schädel],0,0
423,(295) Schweizer_mas_Burgunder,46.9333333333,7.1166666667
424,Mensch (Italiener) [Schädel],40.8333333333,14.25
425,Mensch (Italiener) [Schädel],42.8333333333,12.8333333333
426,Mensch (Schotte) [Schädel],57,-4
427,(317) Italiener_7_Etrusker,42.4166666667,11.5833333333
428,Mensch (Italiener: Lombarde) [Schädel],45.1166666667,9.1333333333
429,Mensch (Italiener) [Schädel],42.8333333333,12.8333333333
430,Mensch (Franzose: Korse) [Schädel],42.6833333333,9.4333333333
431,Mensch (Italiener: Römer) [Schädel],41.9666666667,12.6666666667
432,Mensch (Italiener: Etrusker) (Schädel),42.25,11.7666666667
433,Mensch (Italiener: Etrusker) (Schädel),42.25,11.7666666667
434,Mensch (Italiener: Etrusker) (Schädel),42.25,11.7666666667
435,Mensch (Italiener: Etrusker) [Schädel],42.25,11.7666666667
436,(318) Italiener_8,41.8,12.7
437,Mensch (Franzose) [Schädel],51.3333333333,12.4166666667
438,Mensch (Franzose) [Schädel],50.7166666667,4.3833333333
439,Vesuvianit,58.4833333333,8.7833333333
440,Kohle (Gagat) mit fossilem Holz- und Muschelresten,48.25,8.8666666667
441,Birkenholz,61.7833333333,34.3333333333
442,Malachit,56.8333333333,60.5833333333
443,Malachit,0,0
444,Malachit,59.7666666667,60
445,Malachit,0,0
446,Malachit,0,0
447,Malachit,47,51.8333333333
448,Malachit,0,0
449,Malachit,0,0
450,Malachit,0,0
451,Malachit,58.8666666667,60.8
452,Malachit,0,0
453,Malachit,56.8333333333,60.5833333333
454,Malachit,0,0
455,Malachit,0,0
456,Malachit,0,0
457,Malachit,0,0
458,Malachit,50.9833333333,81.5
459,Malachit,0,0
460,Malachit,0,0
461,Malachit,0,0
462,Malachit,56.8333333333,60.5833333333
463,Malachit,0,0
464,Malachit,0,0
465,Malachit,56.8666666667,60.5833333333
466,Malachit,0,0
467,Malachit,0,0
468,Malachit,0,0
469,Malachit,0,0
470,Malachit,0,0
471,Malachit,0,0
472,Malachit,51.3138888889,82.5702777778
473,Malachit,0,0
474,Malachit,0,0
475,Malachit,0,0
476,Malachit,0,0
477,Malachit,56.8333333333,60.5833333333
478,Malachit,56.9111111111,60.7916666667
479,Malachit,0,0
480,Malachit,47,51.8333333333
481,Malachit,56.8333333333,60.5833333333
482,Malachit,51.8333333333,55
483,Malachit,58.9,60.8333333333
484,Gold,46.3041666667,23.1136111111
485,Gold,0,0
486,Gold,46.3,23.1333333333
487,Gold,0,0
488,Gold,46.3041666667,23.1136111111
489,Gold,46.3041666667,23.1136111111
490,Gold,46.3041666667,23.1136111111
491,Gold (in Gestein),46.3,23.1333333333
492,Gold,0,0
493,Gold,0,0
494,Gold (in Gestein),0,0
495,Gold (in Gestein),0,0
496,Gold (in Gestein),0,0
497,Schwefel,36.2666666667,-6.0833333333
498,Schwefel,0,0
499,Schwefel,0,0
500,Schwefel,46.2666666667,7.0166666667
501,Graphit,58.1666666667,8
502,Graphit,0,0
503,Graphit,51.7833333333,10.8166666667
504,Graphit,51.7833333333,10.8166666667
505,Diamant,0,0
511,Diamant,0,0
506,Diamant,0,0
507,Diamant,0,0
508,Diamant,0,0
509,Diamant,0,0
510,Diamant,0,0
512,Diamant,0,0
513,"Gold (in Gemenge von Pyrit, Zinkblende, Kupferkies und Bleiglanz)",51.8875,10.4316666667
514,"Gold (in Gemenge von Pyrit, Zinkblende, Kupferkies und Bleiglanz)",51.5875,10.4316666667
515,Gold (in Gestein),0,0
516,Gold (in Quarz),46.2666666667,23.0833333333
517,Bismut,50.4333333333,12.7333333333
518,Bismut,50.4333333333,12.7333333333
519,Bismut,50.15,9.3333333333
520,Quarz (Bergkristall),0,0
521,Quarz (Bergkristall),50.6833333333,17.0166666667
522,Quarz (Bergkristall),0,0
523,Quarz (Bergkristall),0,0
524,Quarz (Bergkristall),51.5,-2.6666666667
525,Quarz (Bergkristall),0,0
526,Quarz (Bergkristall),51.95,9.25
527,Quarz (Bergkristall),48.4833333333,18.8333333333
528,Quarz,0,0
529,Quarz,0,0
530,Quarz,0,0
531,Quarz,48.4833333333,18.8333333333
532,Quarz (Kiesel),0,0
533,Quarz (Bergkristall-Kiesel),52.6,9.3
534,Quarz (Bergkristall-Kiesel),52.25,10.9666666667
535,Quarz (Doppelender),44.95,7.2333333333
536,Quarz (Doppelender ohne Prismenflächen),0,0
537,Quarz (Doppelender ohne Prismenflächen) ,0,0
538,"Quarz (Rauchquarz, Doppelender)",58.0166666667,56.1666666667
539,Quarz (Rauchquarz),0,0
540,Quarz (Rauchquarz),0,0
541,Quarz (Rauchquarz),0,0
542,Quarz (Rauchquarz),0,0
543,Quarz (Rauchquarz),0,0
544,Quarz (Rauchquarz),0,0
545,Quarz (Rauchquarz),47,8
546,Quarz,70,-40
547,"Quarz (""Blätterquarz"")",0,0
548,Quarz (Bergkristall),0,0
549,Quarz (Bergkristall),51.95,9.25
550,Quarz (Amethyst),0,0
551,Quarz (in Gips),0,0
552,Quarz (in Baryt),0,0
553,Höhlenbär (<i>Ursus spelaeus</i>) [Kniescheibe],49.7666666667,11.2
554,"Höhlenbär (<i>Ursus spelaeus</i>) [Oberarm, unvollständig]",0,0
555,Höhlenbär (<i>Ursus spelaeus</i>) [Oberarm],0,0
556,"Höhlenbär (<i>Ursus spelaeus</i>) [Schienenbein, unvollständig]",0,0
557,Höhlenbär (<i>Ursus spelaeus</i>) [Elle],0,0
558,Höhlenbär (<i>Ursus spelaeus</i>) [Oberschenkel],0,0
559,Höhlenbär (<i>Ursus spelaeus</i>) [Oberschenkel],0,0
560,"Höhlenbär (<i>Ursus spelaeus</i>) [Oberarm, unvollständig]",0,0
561,Höhlenbär (<i>Ursus spelaeus</i>) [Unterkiefer],49.7666666667,11.2
562,Höhlenbär (<i>Ursus spelaeus</i>) [Unterkiefer],0,0
563,Höhlenbär (<i>Ursus spelaeus</i>) [Unterkiefer],0,0
564,Höhlenbär (<i>Ursus spelaeus</i>) [Schulterblatt],0,0
565,Mensch (Franzose) [Schädel],50.7166666667,4.3833333333
566,Mensch (Franzose) [Schädel],52.5,9
567,Mensch (Spanier) [Schädel],53.0833333333,8.8
568,Mensch (Tscheche: Böhme) [Schädel],49.3333333333,14.5
569,Mensch (Deutscher: Wende) [Schädel],51.5,10.5
570,Mensch (Ukrainer [?]) [Schädel],49,22
571,"Mensch (Russe, juvenil) [Schädel]",59.8833333333,30.25
572,Mensch (Russe) [Schädel],0,0
573,Mensch (Russe) [Schädel],0,0
574,Mensch (Russe) [Schädel],0,0
575,Mensch (Russe) [Schädel],60,47
576,Mensch (Russe) [Schädel],55.6666666667,36.8333333333
577,Pflanzenrest (unbestimmt),51.8,10.3333333333
578,Mensch (Russe) [Schädel],0,0
579,(202) Russe_x noch nicht in handschr. Kat. lok.,55.75,37.7
580,Mensch (Ukrainerin [?]) [Schädel],49,22
581,Mensch (Russe) [Schädel],55.75,37.7
582,Mensch (Russin) [Schädel],58.05,37.1166666667
583,Mensch (Russe) [Schädel],56.3333333333,44
584,Mensch (Russe) [Schädel],0,0
585,Mensch (Russin) [Schädel],0,0
586,Mensch (Russe) [Schädel],0,0
587, Mensch (Russe) [Schädel],51.3333333333,12.4166666667
588,Mensch (Russe) [Schädel],52.4666666667,35.1
589,Mensch (Russe) [Schädel],0,0
590,Mensch (Russe) [Schädel],57.7666666667,40.9333333333
591,(203) Russe_y,48.2166666667,16.3666666667
592,Mensch (Russe [Kosake]) [Schädel],60,47
593,Mensch (Russe [Kosake]) [Schädel],60,47
594,Mensch (Russe [Kosake]) [Schädel],47.05,39.2833333333
595,"Mensch (Korjake, Itelmene oder Ewene) [Schädel]",57,160
596,Ensisheim (Steinmeteorit),47.85,7.3333333333
597,Ammonit (unbestimmt),47,8
598,Koralle (Scleractinia),46.1,6.1333333333
599,Trilobiten (<i>Ellipsocephalus hoffi</i>),50.45,13.4333333333
600,Ahornblatt (<i>Acer</i> sp.),47.6666666667,8.9
601,Brachiopode (<i>Desquamatia</i> (<i>Seratrypa</i>) sp.) mit Korallenaufwachsungen,50.9666666667,7.1666666667
602,Muschel (Rudist: cf. <i>Heterodiceras</i>),46.1,6.1333333333
603,Platin [Medaille aus Platinblech],0,0
604,Rest eines Farnwedels,52.6333333333,-2.5
605,"Höhlenbär (<i>Ursus spelaeus</i>) [juvenil, Schädelfragment]",49.7666666667,11.2
606,Muschel (<i>Gryphaea</i> sp.),51.8166666667,9.7833333333
607,Obsidian (Marekanit),0,0
608,Walkerde,51.0666666667,13.1833333333
609,Mensch (Krimbewohner: Taurer) [Schädel],45.3666666667,36.45
610,(320) Grieche_2,39,22
611,Mensch (Grieche) [Schädel],38,23.7333333333
612,Mensch (Grieche) [Schädel],55.75,37.7
613,Mensch (Wolgabulgare) [Schädel],54.9666666667,49.0333333333
614,Mensch (Ungar) [Schädel],47.5,19.9333333333
615,Mensch (Türke) [Schädel],40.3166666667,36.5666666667
616,Opal (Halbopal),50.1333333333,8.9333333333
617,"Mensch (Burjate) [Schädel, juvenil]",60,47
618,Mensch (Tschude?) [Schädel],0,0
619,Mensch (Kalmücke) [Schädel],51.8333333333,55
620,Mensch (Kalmücke) [Schädel],46.2166666667,47.1833333333
621,Mensch (Kalmücke) [Schädel],60,47
622,Mensch (Türke) [Schädel],46.6166666667,31.55
623,Mensch (Türke) [Schädel],59.8833333333,30.25
624,Mensch (Türke) [Schädel],55.75,37.7
625,Mensch (Türke) [Schädel],38,23.7333333333
626,(171) Türke_g,39,35
627,Mensch (Finnin) [Schädel],0,0
628,Mensch (Finne) [Schädel],61.6666666667,30.6666666667
629,Mensch (Finne) [Schädel],59.4338888889,24.7280555556
630,Mensch (Samin) [Schädel],68,25
631,Mensch (Same) [Schädel],68,25
632,Mensch (Same) [Schädel],68,25
633,Mensch (Same) [Schädel],68,25
634,Mensch (Rom) [Schädel],60,47
635,Mensch (Rom) [Schädel],60,47
636,Mensch (Kalmücke) [Schädel],51.8333333333,55
637,Mensch (Kalmücke) [Schädel],51.6666666667,39.2166666667
638,Mensch (Tatar) [Schädel],52,54
639,Mensch (Tatar) [Schädel],55,51
640,Mensch (Tatar) [Schädel],55,51
641,Mensch (Tatar) [Schädel],55,51
642,Holz (Farnholz?),0,0
643,Mensch (Tatar) [Schädel],52,54
644,Fluorit,51.5333333333,10.95
645,Siena (Steinmeteorit),43.1166666667,11.5833333333
647,Timochin (Steinmeteorit),54.5,35.2
648,Mensch (Tatar) [Schädel],55,51
649,Mensch (Aserbaidschaner?) [Schädel],40.5,47.5
650,"Mensch (Tatar) [Schädel, subadult]",0,0
651,Mensch (Tschuwasche) [Schädel],51.8333333333,55
652,Mensch (Kasache) [Schädel],41,75
653,Mensch (Baschkire) [Schädel],52.4666666667,10.55
654,Mensch (Baschkire) [Schädel],0,0
655,Mooresfort (Steinmeteorit),52.45,-8.3333333333
656,Mensch (Bamare) [Schädel],22,98
657,Mensch (Chinese) [Schädel],35,105
658,"Mensch (Vater Chinese, Mutter Malaiin) [Schädel]",0,0
659,Mensch (Chinese) [Schädel],23.1333333333,113.3333333333
660,Mensch (Chinese) [Schädel],35,105
661,Mensch (Chinese) [Schädel],35,105
662,Mensch (Chinese) [Schädel],0,0
663,Mensch (Chinese) [Schädel],22.1666666667,113.55
664,Mensch (Chinese) [Schädel],-6.1333333333,106.75
665,Mensch (Inder) [Schädel],21.8666666667,87.9833333333
666,Mensch (Inderin) [Schädel],13.5,80.5
667,"Mensch (""Mestize"") [Schädel]",-2.1333333333,120.2833333333
668,Mensch (Madurese) [Schädel],-7,113.4166666667
669,Mensch (Balinese) [Schädel],-8.5,115
670,Mensch (Balinesin) [Schädel],-6.1333333333,106.75
671,Mensch (Makassarin) [Schädel; Haare],0,0
672,Mensch (Bugi) [Schädel],-6.1333333333,106.75
673,Mensch (Sumatraner: Palembangnese) [Schädel],-2.9833333333,104.75
674,Mensch (Dajak) [Schädel],0.5833333333,114.25
675,Mensch (Ägypter) [Schädel einer Mumie],27,30
676,Mensch (Ägypter) [Schädel einer Mumie],26,32
677,Mauerkirchen (Steinmeteorit),48.1833333333,13.1333333333
678,Mensch (Afrikaner) [Schädel],51.1666666667,9.3333333333
679,Mensch (Bantu) [Schädel],0,0
680,L'Aigle (Steinmeteorit),48.7666666667,0.6333333333
681,Mensch (Sudaner) [Schädel],12,24.75
682,"Mensch (Afrikaner) [Schädel, neonatal]",51.1666666667,9.3333333333
683,Mensch (Afroamerikaner) [Schädel],40.7,-74
684,Mensch (Afroamerikaner) [Schädel],40.7,-74
685,Mensch (Afroamerikanerin?) [Schädel],21.5,-80
686,Mensch (Afroamerikaner?) [Schädel],21.5,-80
687,Mensch (Afroamerikaner?) [Schädel],21.5,-80
688,Mensch (Bantu) [Schädel],-30,26
689,Mensch (Grönländer) [Schädel],69.25,-53.55
690,Mensch (Grönländerin) [Schädel],69.25,-53.55
691,Mensch (Grönländer) [Schädel],69.25,-53.55
692,Mensch (Marquesaner) [Trophäenschädel],-8.7,-140.1
693,Mensch (indigene Brasilianerin) [Schädel],-10,-55
694,Mensch (indigener Brasilianer) [Schädel],-10,-55
695,Mensch (Karibin) [Schädel],13.25,-61.2
696,Mensch (Mexikaner) [Schädel],23,-102
697,Mensch (Alt-Peruaner) [Schädel],-16.7125,-72.4233333333
698,Erxleben (Steinmeteorit),52.2333333333,11.25
699,Benares (a) (Steinmeteorit),25.3666666667,82.9166666667
700,Kharkov (Steinmeteorit),50625,35075
701,Krasnojarsk (Stein-Eisen-Meteorit),54.9,91.8
702,Krasnojarsk (Stein-Eisen-Meteorit),54.9,91.8
703,Salles (Steinmeteorit),46.05,4.6333333333
704,Stannern (Steinmeteorit),49.2833333333,15.5666666667
705,Campo del Cielo (Eisenmeteorit),27.4666666667,-60.5833333333
706,Morito (Eisenmeteorit),27.05,-105.4333333333
707,Lixna (Steinmeteorit) (nur Etikett),0,0
708,Schnecke (Straparollus sp.),50.7333333333,5.7
709,Kalkröhrenwurm (<i>Serpula coacervata</i>),52.25,9.6166666667
710,Steinbeil,40.25,-76.25
711,Holzprobe,50.6666666667,10.8333333333
713,fossiles Holz,51.35,9.3666666667
712,Stammstück eines Baumfarns (<i>Dicksonia arborescens</i>),-15.9666666667,-5.7166666667
714,fossiles Holz,45.0833333333,-72.2833333333
715,fossiles Holz,50.9,13.4
716,Zinn (bearbeitet),-1,100.35
717,Koralle (Scleractinia),17.05,-61.8
718,Mineralogie,0,0
719,Meteoritenkunde,0,0
720,Zoologie,0,0
721,Fluorit,46.7275,58.3166666667
722,Fluorit,53.1333333333,-1.5333333333
723,Fluorit,50.9166666667,13.35
724,Almandin (Granat),72,-40
725,Almandin (Granat),72,-40
726,Almandin (Granat),72,-40
727,Almandin (Granat),72,-40
728,Almandin (Granat),72,-40
729,Almandin (Granat),0,0
730,"Mensch (Deutsche?, Aufschrift: ""Magd Sib. 1668"") [Schädel]",0,0
731,Fluorit,54.5166666667,-3.0166666667
732,Rutil auf Quarz,0,0
733,Opal (Halbopal),0,0
734,Opal (Halbopal),50.1333333333,8.9333333333
735,Topas,50.4133333333,12.4511111111
736,Topas,-10,-55
737,Topas,-10,-55
738,Topas (Gerölle),-10,-55
739,Topas (Gerölle),-10,-55
740,Begleitmineralien von Topas (Gerölle),-10,-55
741,Schnecke (<i>Dilatilabrum fortisii</i>),45.4833333333,11.2833333333
742,Schnecke (<i>Dilatilabrum fortisii</i>),45.4833333333,11.2833333333
743,Schnecke (<i>Dilatilabrum fortisii</i>),45.4833333333,11.2833333333
744,Schnecke (<i>Dilatilabrum fortisii</i>),45.4833333333,11.2833333333
745,Schnecke (<i>Dilatilabrum fortisii</i>),45.4833333333,11.2833333333
746,Muschel (<i>Crassatella plumbea</i>),48.85,1.95
747,Muschel (<i>Crassatella plumbea</i>),48.85,1.95
748,Muschel (<i>Myophorella</i> sp.),53.1666666667,-0.3333333333
749,Muschel (indet.),41.9166666667,12.45
750,Muschel (<i>Arctica islandica</i>),52.1,9.9333333333
751,Muschel (<i>Arctica islandica</i>),51.3166666667,9.4
752,Muscheln (diverse Spezies in Schillbank),52.1,9.9333333333
753,Sternberger Gestein,53.7,11.8166666667
754,Sternberger Gestein,53.7,11.8166666667
755,Gips (auf fossilen Austernschalen),51.75,-1.1666666667
756,Muschel (<i>Cardium</i> sp.),47.1666666667,9.1333333333
757,Muschel (Pholadidae indet.),47.1666666667,9.1333333333
758,Muschel (Pholadidae indet.),47.1666666667,9.1333333333
759,Prachtmoho (<i>Moho nobilis</i>),19.5,-155.5
760,'I'iwi (<i>Vestiaria coccinea</i>),20,-157.8333333333
761,Grottenolm (<i>Proteus anguinus</i>),0,0
762,Libellenlarve,47.6666666667,8.9
763,Libellenlarve,47.6666666667,8.9
764,Libellenlarve,47.6666666667,8.9
765,Libelle,47.6666666667,8.9
766,Quarz (Kiesel),52.9666666667,10.5666666667
767,erratisches Gestein,65,-18
768,erratisches Gestein,56,10
769,erratisches Gestein,55.7166666667,12.5666666667
770,erratisches Gestein,54.15,11.85
771,erratisches Gestein,55.7166666667,12.5666666667
772,erratisches Gestein,55.7166666667,12.5666666667
773,erratisches Gestein,53.8666666667,10.6666666667
774,erratisches Gestein,56,10
775,erratisches Gestein,56,10
776,Schnecke (<i>Phasianella striata</i>),52.0333333333,9.6833333333
777,Orthoceraten,59.4338888889,24.7280555556
778,Orthocerat,0,0
779,Actinocerat,57.5,18.5
780,Nautilide,53,-2
781,Ammonit  (<i>Kepplerites toricelli</i>),51.9333333333,9.6333333333
782,Ammonit  (unbestimmt),49.3833333333,11.3666666667
783,Malachit,0,0
784,Malachit,0,0
785,Malachit,0,0
786,Malachit,0,0
787,Malachit,0,0
788,Malachit,0,0
789,Malachit,0,0
790,Malachit,0,0
791,Malachit,0,0
792,Malachit,56.45,60.1833333333
793,Malachit,56.45,60.1833333333
794,Malachit,56.45,60.1833333333
795,Malachit,59.7666666667,60
796,Malachit,0,0
797,Malachit,47,51.8333333333
798,Malachit,56.45,60.1833333333
799,Malachit,58.8666666667,60.8
800,Malachit,0,0
801,Belemnit und Muschel auf Gesteinsmatrix,52.4833333333,8.3833333333
802,Belemniten,51.2166666667,0.65
803,Azurit und Malachit,50.9833333333,81.5
804,Azurit und Malachit,50.9833333333,81.5
805,Azurit und Malachit,50.9833333333,81.5
806,Krokoit,56.9111111111,60.7916666667
807,Krokoit,56.9111111111,60.7916666667
808,Krokoit,56.9111111111,60.7916666667
809,Krokoit,56.9111111111,60.7916666667
810,Krokoit,56.9111111111,60.7916666667
811,Krokoit,56.9111111111,60.7916666667
812,Krokoit,56.9111111111,60.7916666667
813,Krokoit,56.9111111111,60.7916666667
814,Krokoit,56.9111111111,60.7916666667
815,Krokoit,56.9111111111,60.7916666667
816,Krokoit,56.9111111111,60.7916666667
817,Brachiopoden (<i>Choristites mosquensis</i>),57.0333333333,34.9666666667
818,"Brachiopoden (<i>Orthotetoites</i> sp.; Chonetida indet.), Bryozoen und Crinoiden [Stielglieder]",57.0333333333,34.9666666667
819,Seepocke,52.2833333333,8.05
820,Wollhaarmammut (<i>Mammuthus primigenius</i>) [Schienbein],50.0833333333,45.4
821,Koralle (Scleractinia),46.1,6.1333333333
822,Lignit,65,-18
823,Höhlenhyäne (<i>Crocuta crocuta spelaea</i>) [Kot],43.6666666667,4.1333333333
824,Wollhaarnashorn (<i>Coelodonta antiquitatis</i>) [Oberschenkelfragment],51.6888888889,10.2836111111
825,"Wollhaarnashorn (<i>Coelodonta antiquitatis</i>) [Oberarm, unvollständig]",51.6333333333,10.3833333333
826,Wollhaarnashorn (<i>Coelodonta antiquitatis</i>) [Backenzahn],51.6888888889,10.2836111111
827,"Wollhaarnashorn (<i>Coelodonta antiquitatis</i>, juvenil) [Schienbein]",51.6888888889,10.2836111111
828,Wollhaarnashorn (<i>Coelodonta antiquitatis</i>) [Schienbein],51.6888888889,10.2836111111
829,Trödelschnecke (<i>Xenophora conchyliophora</i>),0,0
830,Höhlenhyäne (<i>Crocuta crocuta spelaea</i>) [Kot],43.6666666667,4.1333333333
831,Geologie,0,0
832,"Mensch (Deutscher) [Mumie, ""Herzberger Tanzleiche""]",51.6666666667,10.3333333333
833,Obsidian (Pechstein),50.0166666667,45.4666666667
834,Azurit,50.9833333333,81.5
835,Azurit,50.9833333333,81.5
836,Azurit und Malachit,50.9313888889,20.5655555556
837,Azurit und Malachit,50.9833333333,81.5
838,Azurit und Malachit,51.1666666667,82.1833333333
839,Azurit und Malachit,51.3138888889,82.5702777778
840,Azurit,51.3138888889,82.5702777778
841,Azurit,0,0
842,Azurit und Malachit,51.3138888889,82.5702777778
843,Azurit und Malachit,0,0
844,Azurit und Malachit,0,0
845,Azurit und Malachit,0,0
846,"Azurit, Malachit und Baryt",0,0
847,Malachit,0,0
848,Malachit,0,0
849,Malachit,0,0
850,Malachit,0,0
851,Malachit,0,0
852,Malachit,0,0
853,Malachit,0,0
854,Malachit,58.8666666667,60.8
855,Malachit,58.8666666667,60.8
856,Malachit,58.8666666667,60.8
857,Malachit,56.8333333333,60.5833333333
858,Koralle (Scleractinia),46.1,6.1333333333
859,Koralle (Scleractinia),46.1,6.1333333333
860,Koralle (Scleractinia),46.1,6.1333333333
861,Koralle (Scleractinia),46.1,6.1333333333
862,Koralle (Scleractinia),46.1,6.1333333333
863,Koralle (Scleractinia),46.1,6.1333333333
864,Koralle (Scleractinia),46.1,6.1333333333
865,Koralle (Scleractinia),46.1,6.1333333333
866,Koralle (Scleractinia),46.1,6.1333333333
867,Koralle (Scleractinia),46.1,6.1333333333
868,Koralle (Scleractinia),46.1,6.1333333333
869,Koralle (Tabulata: <i>Pleurodictyum</i> sp.) und Brachiopoden (Strophomenida; Spiriferida; Rhynchonellida),50.35,7.6166666667
870,Koralle (Rugosa: <i>Schlotheimophyllum patellatum</i>),57.5,18.5
871,Korallen (Tabulata: <i>Aulopora repens</i>; <i>Thamnopora</i> sp.; Favositidae spp.),50.9666666667,7.1666666667
872,Koralle (Scleractinia: <i>Procyathophora</i> sp.) und Brachiopodenreste (<i>Coenothyris vulgaris</i>),51.5408333333,9.9727777778
873,Ammoniten  (<i>Craspedites</i> sp.),54.3333333333,48.4
874,Ammonitenenfragment  (unbestimmt),54.3333333333,48.4
875,Ammonitenenfragment  (cf. <i>Peltoceras</i>),0,0
876,Ammonitenenfragment  (<i>Virgatosphinctes</i> sp.),55.75,37.7
877,Ammonitenenfragmente  (<i>Cardioceras</i> sp.),53,-2
878,Ammonitenenfragment  (<i>Sigaloceras micans</i>),51.2666666667,-1.85
879,Ammonit (<i>Parkinsonia</i> sp.),53,-2
880,"Aachen (Pseudometeorit, Eisen)",50.7666666667,6.1
881,"Aachen (Pseudometeorit, Eisen)",50.7666666667,6.1
882,"Aachen (Pseudometeorit, Eisen)",50.7666666667,6.1
883,"Collina di Brianza (Pseudometeorit, Eisen)",45.7666666667,9.3666666667
884,"Collina di Brianza (Pseudometeorit, Eisen)",45.7666666667,9.3666666667
885,Ammonit  (<i>Phylloceras hererophyllum</i>),49.3833333333,11.3666666667
886,Ammonit  (<i>Phylloceras hererophyllum</i>) [angeschliffen],49.3833333333,11.3666666667
887,Ammonit  (<i>Dactylioceras</i> sp.),49.3833333333,11.3666666667
888,"Rauden (Pseudometeorit, sogen. Meteorpapier)",56.9666666667,23.1666666667
889,"Rauden (Pseudometeorit, sogen. Meteorpapier)",56.9666666667,23.1666666667
890,Mensch (Guanchin) [Mumie],28.3166666667,16.5666666667
891,Korallen (Rugosa),57.5,18.5
892,Seelilie (<i>Seirocrinus subangularis</i>) [Platte mit mehreren Exemplaren],48.65,9.5333333333
893,"Kupfer [Blech; mit Platin auf der einen, mit Silber auf der anderen Seite platiert]",0,0
894,Ceylonit,7,81
895,Schörl,0,0
896,Ceylonit,7,81
897,Schörl,0,0
898,Schörl (in Glimmerschiefer),-20,47
899,Schörl,-10,-55
900,Schörl,51.7555555556,10.5130555556
901,Schörl,59.0197222222,9.5608333333
902,Quarz (Chalcedon: Achat),27,30
903,Quarz (Chalcedon: Achat),0,0
904,Quarz (Chalcedon: Achat),0,0
905,Quarz (Chalcedon: Achat),51.5833333333,10.8
906,Silber (auf Hornstein),51.1666666667,82.1833333333
907,Silber (auf Hornstein),51.1666666667,82.1833333333
908,Silber (auf Hornstein),51.1666666667,82.1833333333
909,Silber (auf Hornstein),51.1666666667,82.1833333333
910,Silber (auf Hornstein),51.1666666667,82.1833333333
911,Silber (auf Hornstein),51.1666666667,82.1833333333
912,Silber (auf Hornstein),51.1666666667,82.1833333333
913,Silber (auf Hornstein),51.1666666667,82.1833333333
914,Silber (auf Hornstein),51.1666666667,82.1833333333
915,Silber (auf Hornstein),51.1666666667,82.1833333333
916,Silber (auf Hornstein),51.1666666667,82.1833333333
917,Silber (auf Hornstein),51.1666666667,82.1833333333
918,Silber (auf Hornstein),51.1666666667,82.1833333333
919,Silber (auf Hornstein),51.1666666667,82.1833333333
920,Silber (auf Hornstein),51.1666666667,82.1833333333
921,Silber (auf Hornstein),51.1666666667,82.1833333333
922,Silber (auf Hornstein),51.1666666667,82.1833333333
923,Silber (auf Hornstein),51.1666666667,82.1833333333
924,Silber (auf Hornstein),51.1666666667,82.1833333333
925,"Mensch (Deutscher, J. L. v. Mosheim) [Schädel]",51.5333333333,9.95
926,Mensch (Däne) [Schädel],0,0
927,Mensch (Franzose: Lothringer) [Schädel],51.3666666667,9.0166666667
928,"Mensch (Russe) [Schädel, trepaniert]",59.8833333333,30.25
929,Mensch (Tatar) [Schädel],0,0
930,Archivwesen,0,0
931,Palaeobotanik,0,0
932,Datolith,58.45,8.9333333333
933,Palaeozoologie,0,0
934,Sandstein (diagenetisch verfestigt),54.15,11.85
935,Sandstein (diagenetisch verfestigt),54.15,11.85
936,Archaeologie und Ur- und Fruehgeschichte,0,0
937,Mensch (Ägypterin) [Mumie],27,30
938,Ammonit (<i>Schlotheimia angulata</i>),51.8,9.7
939,Ammonit (<i>Aegoceras capricornu</i>),51.5333333333,9.95
940,Kalkröhrenwurm (<i>Serpula coacervata</i>),52.2833333333,9.5666666667
941,Silber (auf Hornstein),51.1666666667,82.1833333333
942,Silber (auf Baryt),51.1666666667,82.1833333333
943,Silber (auf Hornstein),0,0
944,Silber (auf Hornstein),51.1666666667,82.1833333333
945,Silber (auf unbestimmten Gestein),51.1666666667,82.1833333333
946,Silber (auf Hornstein),51.1666666667,82.1833333333
947,Silber (auf Hornstein),51.1666666667,82.1833333333
948,Silber (auf Hornstein),51.1666666667,82.1833333333
949,Silber (auf Hornstein),51.1666666667,82.1833333333
950,Silber (auf Hornstein),51.1666666667,82.1833333333
951,Silber (auf Hornstein),51.1666666667,82.1833333333
952,Silber (auf Hornstein),51.1666666667,82.1833333333
953,Gold und Silber (auf Hornstein),51.1666666667,82.1833333333
954,Silber (auf Hornstein),51.1666666667,82.1833333333
955,Silber (auf Hornstein),51.1666666667,82.1833333333
956,Silber (auf Hornstein),51.1666666667,82.1833333333
957,Silber (auf Hornstein),51.1666666667,82.1833333333
958,Silber (auf Quarz),51.1666666667,82.1833333333
959,Silber (auf Hornstein),51.1666666667,82.1833333333
960,Silber (auf Hornstein),51.1666666667,82.1833333333
961,Silber (auf Hornstein),51.1666666667,82.1833333333
962,Silber (auf Hornstein),51.1666666667,82.1833333333
963,Silber (auf Hornstein),51.1666666667,82.1833333333
964,Silber (auf Hornstein),51.1666666667,82.1833333333
965,Silber (auf Hornstein),51.1666666667,82.1833333333
966,Silber (auf Hornstein),51.1666666667,82.1833333333
967,Silber (auf Hornstein),51.1666666667,82.1833333333
968,Silber (auf Hornstein),51.1666666667,82.1833333333
969,Silber (auf Hornstein),51.1666666667,82.1833333333
970,Silber (auf Hornstein),51.1666666667,82.1833333333
971,Silber (auf Hornstein),51.1666666667,82.1833333333
972,Silber (auf Hornstein),51.1666666667,82.1833333333
973,Silber (auf Hornstein),51.1666666667,82.1833333333
974,Silber (auf Hornstein),51.1666666667,82.1833333333
975,Silber (auf Hornstein),51.1666666667,82.1833333333
976,Silber (auf Hornstein),51.1666666667,82.1833333333
977,Silber (auf Hornstein),51.1666666667,82.1833333333
978,Silber (auf Hornstein),51.1666666667,82.1833333333
979,Silber (mit Fluorit),51.1666666667,82.1833333333
980,Silber (auf Quarz),51.1666666667,82.1833333333
981,Silber (auf Hornstein),51.1666666667,82.1833333333
982,Silber (auf Hornstein),51.1666666667,82.1833333333
983,Silber (auf Hornstein),51.1666666667,82.1833333333
984,"Silber (mit Gold, auf Hornstein)",51.1666666667,82.1833333333
985,Silber (auf Hornstein),51.1666666667,82.1833333333
986,Silber (auf Hornstein),51.1666666667,82.1833333333
987,Silber (auf Hornstein),51.1666666667,82.1833333333
988,Silber (auf Hornstein),51.1666666667,82.1833333333
989,Silber (auf Hornstein),51.1666666667,82.1833333333
990,Silber (auf Hornstein),51.1666666667,82.1833333333
991,Silber (auf Hornstein),51.1666666667,82.1833333333
992,Silber (auf Hornstein),51.1666666667,82.1833333333
993,Silber (auf Quarz),51.1666666667,82.1833333333
994,Gold (in Quarz) ,56.9111111111,60.7916666667
995,Gold (in Quarz) ,56.9111111111,60.7916666667
996,Gold (in Quarz) ,56.9111111111,60.7916666667
997,Gold (in Quarz) ,56.9111111111,60.7916666667
998,Gold (in Quarz) ,56.9111111111,60.7916666667
999,Gold (in Quarz) ,56.9111111111,60.7916666667
1000,Gold (in Quarz) ,56.9111111111,60.7916666667
1001,Gold (in Quarz) ,56.9111111111,60.7916666667
1002,Botanik,0,0
1003,Sandstein (diagenetisch verfestigt),54.15,11.85
1004,Beryll (Aquamarin),52.0333333333,116.6333333333
1005,Fadenhopf (<i>Seleucidis melanoleuca</i>) (männlich),-5,140
1006,Kap-Stachelschwein (<i>Hystrix africaeaustralis</i>) [Fötus],-33.9333333333,18.4666666667
1007,Mensch (Italiener: Veneter) [Schädel],0,0
1008,Höhlenbär (<i>Ursus spelaeus</i>) [Unterkieferzähne],0,0
1009,Höhlenbär (<i>Ursus spelaeus</i>) [Unterkieferzähne],0,0
1010,Höhlenbär (<i>Ursus spelaeus</i>) [Unterkieferzähne],0,0
1011,Höhlenbär (<i>Ursus spelaeus</i>) [Unterkieferzähne],49.7666666667,11.2
1012,Höhlenbär (<i>Ursus spelaeus</i>) [Unterkieferzähne],49.7666666667,11.2
1013,Höhlenbär (<i>Ursus spelaeus</i>) [Unterkieferzähne],49.7666666667,11.2
1014,Höhlenbär (<i>Ursus spelaeus</i>) [Unterkieferzähne],49.7666666667,11.2
1015,Höhlenbär (<i>Ursus spelaeus</i>) [Unterkieferzähne],0,0
1016,Höhlenbär (<i>Ursus spelaeus</i>) [Unterkieferzahn],49.7666666667,11.2
1017,Höhlenbär (<i>Ursus spelaeus</i>) [Oberkieferzähne],49.7666666667,11.2
1018,Höhlenbär (<i>Ursus spelaeus</i>) [Oberkieferzähne],0,0
1019,Höhlenbär (<i>Ursus spelaeus</i>) [Oberkieferzähne],0,0
1020,Höhlenbär (<i>Ursus spelaeus</i>) [Oberkieferzähne],49.7666666667,11.2
1021,Höhlenbär (<i>Ursus spelaeus</i>) [Oberkieferzähne],0,0
1022,Höhlenbär (<i>Ursus spelaeus</i>) [Oberkieferzähne],49.7666666667,11.2
1023,Höhlenbär (<i>Ursus spelaeus</i>) [Oberkieferzähne],0,0
1024,Höhlenbär (<i>Ursus spelaeus</i>) [Oberkieferzähne],0,0
1025,Höhlenbär (<i>Ursus spelaeus</i>) [Oberkieferzahn],49.7666666667,11.2
1026,Höhlenbär (<i>Ursus spelaeus</i>) [Oberkieferzahn],49.7666666667,11.2
1027,Schnecken (<i>Cryptochorda stromboides</i>),48.85,1.95
1028,Schnecken (<i>Clavilithes longaevus</i>),48.85,1.95
1029,Schnecken (<i>Cepatia cepacea</i>),48.85,1.95
1030,Handzeichnung des Schädels eines Höhlenbären (<i>Ursus spelaeus</i>),49.7666666667,11.2
1031,Handzeichnung des Skeletts eines Amerikanischen Mastodon (<i>Mammut americanum</i>),0,0
1032,Handzeichnung des Skeletts eines Amerikanischen Mastodon (<i>Mammut americanum</i>),0,0
1033,Handzeichnung des Schädels eines 5jährigen Dromedars (<i>Camelus dromedarius</i>),0,0
1034,Handzeichnung eines unbestimmten regulären Seeigels in Feuerstein (Echinoidea indet.),0,0
1035,Handzeichnung eines Wollhaarmammuts (<i>Mammuthus primigenius</i>),0,0
1036,Handzeichnung einer fossilen Seelilie (<i>Pentacrinites fossilis</i>),50.7833333333,-2.3166666667
1037,"Handzeichnung mit Schädel eines Wollhaarnashorns (<i>Coelodonta antiquitatis</i>), sowie Unterkierfer- und Oberkieferdetails eines Javanashorns (<i>Rhinoceros sondaicus</i>)",0,0
1038,"Handzeichnung mit Scapula, Humerus und Femur eines asiatischen Nashorns (<i>Rhinoceros</i> spp.) und Scapula eines Elefanten (Elephantidae spp.)",0,0
1039,Handzeichnung des Schädels eines Javanashorns (<i>Rhinoceros sondaicus</i>),0,0
1040,Handzeichnung mit Schädel und Unterkiefer eines Nashorns (Rhinocerotidae spp.) und Backenzahn eines Flusspferdes (<i>Hippopotamus amphibius</i>),0,0
1041,Handzeichnung von Schädel und Vorderextremität eines Riesenfaultiers (<i>Megatherium americanum</i>),0,0
1042,Handzeichnung eines fossilen Pfeifhasen (<i>Prolagus oeningensis</i>),47.6666666667,8.9
1043,Handzeichnung eines fossilen unbestimmten Säugetiers,47.6666666667,8.9
1044,Schabkunstblatt einer fossilen Seelilie (<i>Seirocrinus subangularis</i>),48.65,9.5333333333
1045,Darmstein eines Hauspferdes (<i>Equus ferus caballus</i>),50.95,10.7166666667
1046,Harzmasse aus dem Schädel einer ägyptischen Mumie,27,30
1047,Hautstück von der Ferse einer ägyptischen Mumie,27,30
1048,Proben von Binden und innerer Kern einer ägyptischen Mumienpuppe,27,30
1049,Sarkophag einer ägyptischen Mumie,27,30
1050,Almandin (Granat),49.3333333333,14.5
1051,diverse Reste einer ägyptischen Mumie,27,30
1052,diverse Reste einer ägyptischen Mumie,27,30
1053,Binden einer ägyptischen Mumie,27,30
1054,winziges Fragment vom Schädel einer ägyptischen Mumie,27,30
1055,kleine Fragmente von einer ägyptischen Mumie,27,30
1056,Rest einer ägyptischen Mumie (noch eingewickelt in Papier),27,30
1057,Ober- und Unterschenkel (rechts) einer ägyptischen Mumie,27,30
1058,Heiliger Ibis (<i>Threskiornis aethiopicus</i>) [Mumie],27,30
1059,Haifischzähne,49.7833333333,8.0333333333
1060,Pyrop (Granat),49.3333333333,14.5
1061,Mensch (Ägypterin) [Mumie],27,30
1062,Schnecken (<i>Athleta spinosa</i>),48.85,1.95
1063,Schnecken (<i>Mirula plicatula</i>),48.85,1.95
1064,Schnecken (<i>Conus deperditus</i>),48.85,1.95
1065,Schnecken (<i>Clavilithes conjunctus</i>),48.85,1.95
1066,Schnecken (<i>Clavilithes</i> sp.),48.85,1.95
1067,Schnecken (<i>Cerithium filiferum</i>),48.85,1.95
1068,Tongefäß mit Deckel zur Mumie des Heiligen Ibis (<i>Threskiornis aethiopicus</i>),27,30
1069,Vogel? [Mumie],27,30
1070,Muscheln (<i>Chamelea</i> sp.),46.4,24.6
1071,Quarz (Bergkristall),51.5,-2.6666666667
1072,Quarz (Bergkristall),59.7,9.65
1073,Schnecken (<i>Conus</i> sp.),45.0666666667,7.6666666667
1074,Schnecken (<i>Conus</i> sp.),45.0666666667,7.6666666667
1075,Schnecke (<i>Conus</i> sp.),45.0666666667,7.6666666667
1076,Schnecke (<i>Conus</i> sp.),33,-87
1077,Ahornblatt (<i>Acer</i> sp.),47.6666666667,8.9
1078,Ahornblatt (<i>Acer</i> sp.),47.6666666667,8.9
1079,Ahornblatt (<i>Acer</i> sp.),47.6666666667,8.9
1080,Ahornblatt (<i>Acer</i> sp.),47.6666666667,8.9
1081,Ahornblatt (<i>Acer</i> sp.),47.6666666667,8.9
1082,Zweigfragment einer Wasserfichte (<i>Glyptostrobus</i> sp.),47.6666666667,8.9
1083,Walnussblatt (<i>Juglans</i> sp.),47.6666666667,8.9
1084,unbestimmte Laubblätter,47.6666666667,8.9
1085,Opal (Edelopal),48.9238888889,21.4625
1086,Obsidian (Marekanit),0,0
1087,Kupfer (gediegen),54.6666666667,167.7333333333
1088,Kupfer (gediegen),58.8666666667,60.8
1089,Kupfer (gediegen),47,51.8333333333
1090,Kupfer (gediegen),47,51.8333333333
1091,Kupfer (gediegen) auf Quarz,47,51.8333333333
1092,Korund (in Dolomit),0,0
1093,Elektrum (auf Baryt),51.1666666667,-82.1833333333
1094,Elektrum (auf Baryt),51.1666666667,-82.1833333333
1095,Elektrum (auf Baryt),51.1666666667,-82.1833333333
1096,Elektrum (auf Baryt),51.1666666667,-82.1833333333
1097,Elektrum (auf Baryt),51.1666666667,-82.1833333333
1098,Elektrum (auf Baryt),51.1666666667,-82.1833333333
1099,Elektrum (auf Baryt),51.1666666667,-82.1833333333
1100,Elektrum (auf Hornstein),51.1666666667,-82.1833333333
1101,Elektrum (auf Baryt),51.1666666667,-82.1833333333
1102,Elektrum (auf Hornstein),51.1666666667,-82.1833333333
1103,Elektrum (auf Hornstein),51.1666666667,-82.1833333333
1104,Elektrum (mit Galenit auf Baryt),51.1666666667,-82.1833333333
1105,Elektrum (auf Quarz),51.1666666667,-82.1833333333
1106,Elektrum (auf Quarz),51.1666666667,-82.1833333333
1107,Elektrum (auf Hornstein),51.1666666667,-82.1833333333
1108,Malachit,0,0
1109,Opal (Halbopal),50.1333333333,8.9333333333
1110,Opal (Halbopal),50.1333333333,8.9333333333
1111,Opal (Halbopal),50.1333333333,8.9333333333
1112,Opal (Halbopal),50.1333333333,8.9333333333
1113,Opal (Halbopal),50.5,12.6
1114,Opal (Halbopal),48.4827777778,21.3566666667
1115,Opal (Halbopal),48.4827777778,21.3566666667
1116,Opal (Halbopal),0,0
1117,Opal (Halbopal),48.7333333333,21.25
1118,Opal (Halbopal),48.7333333333,21.25
1119,Enstatit (Hypersthen),47.2027777778,-60.1508333333
1120,Opal (Edelopal),48.7333333333,21.25
1121,Opal (Holzopal),0,0
1122,Opal (Halbopal),0,0
1123,Opal (Halbopal),53.0166666667,-1.5333333333
1124,Opal (Feueropal),23,-102
1125,Opal (Jaspopal),0,0
1126,Opal (Jaspopal),-15.95,-5.7
1127,Opal (Hydrophan),62,-7
1128,Opal (Hydrophan),53.0166666667,-1.5333333333
1129,Opal (Hydrophan),48,-3.0166666667
1130,Opal (Hydrophan),0,0
1131,Opal (Hyalith),45.4166666667,2.5833333333
1132,Opal (Hyalith),53.3833333333,10.55
1133,Opal (Hyalith),0,0
1134,Platin [gehämmert],0,0
1135,Platin [Komposition],0,0
1136,Platin [Blech],0,0
1137,Platin,0,0
1138,Gold,52.9833333333,-6.05
1139,Gold (in Flusssand),0,0
1140,Gold,46.3041666667,23.1136111111
1141,Antimon (in Gestein),51.7166666667,10.5166666667
1142,Antimon,45.1333333333,6.0333333333
1143,Antimon,45.4,6.5
1144,Bismut,50.5666666667,13
1145,Bismut (in Hornstein),50.3666666667,12.9166666667
1146,Tellur,46.1166666667,23.2166666667
1147,Tellur,46.1166666667,23.2166666667
1148,Arsen,50.3666666667,12.9166666667
1149,Arsen,50.6333333333,13.1833333333
1150,Arsen,51.7166666667,10.5166666667
1151,Arsen,51.7166666667,10.5166666667
1152,Arsen,51.7166666667,10.5166666667
1153,Arsen,51.7166666667,10.5166666667
1154,Skutterudit,50.8166666667,10.3666666667
1155,Skutterudit,50.8166666667,10.3666666667
1156,Skutterudit,50.8166666667,10.3666666667
1157,Skutterudit,50.8166666667,10.3666666667
1158,Skutterudit,50.8166666667,10.3666666667
1159,Skutterudit,50.65,11.3666666667
1160,Skutterudit,50.5833333333,12.6333333333
1161,Skutterudit,50.95,9.9333333333
1162,Skutterudit,47.4,13.7
1163,Skutterudit,47.4,13.7
1164,Auripigment,0,0
1165,Pyrit,51.9333333333,9.6333333333
1166,Pyrargyrit,51.7166666667,10.5166666667
1167,Pyrargyrit,51.7166666667,10.5166666667
1168,Pyrargyrit,51.7166666667,10.5166666667
1169,Pyrargyrit,51.7166666667,10.5166666667
1170,Galenit,51.8,10.3333333333
1171,Galenit,51.8,10.3333333333
1172,Galenit,51.8,10.3333333333
1173,Galenit,51.8666666667,10.2833333333
1174,Galenit,51.7166666667,10.5166666667
1175,Galenit,52.0666666667,9.55
1176,Galenit,51.4,8.5833333333
1177,Galenit,50.9166666667,13.35
1178,Galenit,0,0
1179,Galenit,45.9775,23.04
1180,Nickelskutterudit,47.6666666667,23.7
1181,Realgar,40.8166666667,14.1166666667
1182,Realgar,0,0
1183,Cinnabarit (Zinnober),35,105
1184,Cinnabarit (Zinnober),46,14
1185,Cinnabarit (Zinnober),-16.4166666667,-39.1166666667
1186,Cinnabarit (Zinnober),0,0
1187,Cinnabarit (Zinnober),49.5994444444,29.2658333333
1188,Cinnabarit (Zinnober),49.7166666667,7.7666666667
1189,Cinnabarit (Zinnober),38.7833333333,-4.8333333333
1190,Cinnabarit (Zinnober),38.7833333333,-4.8333333333
1191,Pyrit,52.2833333333,8.05
1192,Cinnabarit (Zinnober) (in Sandquarz),49.7355555556,7.8777777778
1193,Stibnit,45.8333333333,1.25
1194,Stibnit,45.8333333333,1.25
1195,Stibnit,47,20
1196,Stibnit (auf Calcit),51.7166666667,10.5166666667
1197,Arsenopyrit (mit Quarz),50.3666666667,12.9166666667
1198,Arsenopyrit,50.3666666667,12.9166666667
1199,Arsenopyrit,0,0
1200,Pyrrhotin,51.75,11.05
1201,Pyrrhotin (mit Siderit auf Quarz),51.8,10.3333333333
1202,Pyrrhotin,50.4666666667,12.7666666667
1203,Pyrrhotin,50.1,11.6
1204,Pyrrhotin,50.1,11.6
1205,Nickelin,50.5833333333,12.6333333333
1206,Nickelin (in Baryt mit Annabergit),51,9.9333333333
1207,Nagyágit (auf Quarz),45.9775,23.04
1208,Nagyágit,45.9775,23.04
1209,Nagyágit,45.9775,23.04
1210,Nagyágit (mit Rhodochrosit),45.9775,23.04
1211,Nagyágit,45.9775,23.04
1212,Kermesit,50.95,13.2166666667
1213,Sylvanit (mit Quarz),46.3808333333,23.2816666667
1214,Sylvanit (mit Quarz),46.1166666667,23.2166666667
1215,Sphalerit,0,0
1216,Sphalerit,59.75,10.25
1217,Sphalerit,46.1166666667,23.2166666667
1218,Sphalerit (mit Baryt und Fahlerz),47.65,23.6
1219,Sphalerit,45.9775,23.04
1220,Tetraedrit,50.4833333333,-4.6666666667
1221,Tetraedrit (mit Baryt und Azurit),50.65,11.4333333333
1222,Tetraedrit,48.7,18.9166666667
1223,Chalkopyrit (mit Calcit auf Quarz),50.7333333333,8.2666666667
1224,Chalkopyrit,50.4833333333,-4.6666666667
1225,Chalkopyrit (mit Bergkristall),0,0
1226,Schwazit (mit Zinnober),49.7166666667,7.7666666667
1227,Dyskrasit,48.3166666667,8.2166666667
1228,Psilomelan,50.6833333333,10.9166666667
1229,Minium,53.25,-4.3333333333
1230,Minium,53.25,-4.3333333333
1231,Minium,50.5333333333,6.5333333333
1232,Minium,53.25,-4.3333333333
1233,Valentinit,48.4333333333,17.0166666667
1234,Valentinit,49.7,14.0166666667
1235,Ilmenit,49.3333333333,11.8
1236,Ilmenit,39.4666666667,-0.3666666667
1237,Spinell,7,81
1238,Spinell,7,81
1239,Rutil,45.8961111111,23.4819444444
1240,Rutil,48.7333333333,19.1666666667
1241,Cuprit,50.6166666667,7.2333333333
1242,Cuprit,50.6166666667,7.2333333333
1243,Cuprit (mit gediegen Kupfer),50.4833333333,-4.6666666667
1244,Wolframit,50.4833333333,-4.6666666667
1245,Wolframit,50.4833333333,-4.6666666667
1246,Wolframit,50.4833333333,-4.6666666667
1247,Kassiterit,50.4833333333,-4.6666666667
1248,Kassiterit,50.4833333333,-4.6666666667
1249,Kassiterit,50.4833333333,-4.6666666667
1250,Kassiterit,50.4833333333,-4.6666666667
1251,Kassiterit,50.3166666667,-4.8
1252,Kassiterit,50.3333333333,-4.8
1253,Kassiterit,50.3333333333,-4.8
1254,Hämatit,42.8166666667,10.4333333333
1255,Hämatit,42.8166666667,10.4333333333
1256,Hämatit,42.8166666667,10.4333333333
1257,Hämatit,52.2833333333,8.05
1258,Magnetit (Sand),60,27
1259,Magnetit (Sand),54.2166666667,13.7833333333
1260,Magnetit (Sand),50.4166666667,7.2666666667
1261,Magnetit (Seife),-10,-55
1262,Magnetit (Sand),47.8333333333,20.25
1263,Magnetit (Sand),46.8333333333,17.75
1264,Magnetit,59.7,9.65
1265,Dolomit,50.9166666667,13.35
1266,Dolomit,51.7333333333,10.25
1267,Dolomit,51.7333333333,10.25
1268,Malachit,51.6333333333,10.4666666667
1269,Malachit,51.6333333333,10.4666666667
1270,Malachit,51.6333333333,10.4666666667
1271,Malachit,50.7333333333,8.2666666667
1272,Smithsonit,0,0
1273,Smithsonit,46.6333333333,13.7
1274,Chrysokoll,0,0
1275,Pseudomalachit,50.6166666667,7.2333333333
1276,Pseudomalachit,50.6166666667,7.2333333333
1277,Pseudomalachit,50.6166666667,7.2333333333
1278,Pseudomalachit,50.6166666667,7.2333333333
1279,Azurit,50.7333333333,8.2666666667
1280,Azurit,51.6333333333,10.4666666667
1281,Azurit,50.65,11.3666666667
1282,Azurit,50.65,11.4333333333
1283,Azurit,49.4,15.5666666667
1284,Azurit,0,0
1285,Azurit,0,0
1286,Azurit,0,0
1287,Cerussit,51.8,10.3333333333
1288,Cerussit,51.8,10.3333333333
1289,Cerussit,51.8,10.3333333333
1290,Cerussit,51.8,10.3333333333
1291,Cerussit (mit Malachit),51.8,10.3333333333
1292,Cerussit,51.8,10.3333333333
1293,Cerussit,51.8,10.3333333333
1294,Cerussit,51.8,10.3333333333
1295,Cerussit,51.8,10.3333333333
1296,Cerussit,51.6333333333,10.4666666667
1297,Cerussit,55.4166666667,-3.7833333333
1298,Cerussit,55.4166666667,-3.7833333333
1299,Alunit,42.15,11.9333333333
1300,Alunit,42.15,11.9333333333
1301,Baryt,48.4833333333,18.8333333333
1302,Baryt,49.7,14.0166666667
1303,Baryt (Hepatit),0,0
1304,Baryt (Hepatit),0,0
1305,Baryt,50.9166666667,13.35
1306,Baryt,50.95,13.35
1307,Baryt,50.9166666667,13.35
1308,Baryt,51.8166666667,10.2333333333
1309,Baryt,51.8,10.3333333333
1310,Baryt,51.8,10.3333333333
1311,Baryt,51.8,10.3333333333
1312,Baryt,51.8,10.3333333333
1313,Baryt,51.8,10.3333333333
1314,Olivenit,50.4833333333,-4.6666666667
1315,Olivenit,50.4388888889,-5.4222222222
1316,Olivenit,50.4833333333,-4.6666666667
1317,Olivenit,50.4833333333,-4.6666666667
1318,Olivenit,50.4833333333,-4.6666666667
1319,Olivenit,50.4833333333,-4.6666666667
1320,Olivenit,50.4833333333,-4.6666666667
1321,Olivenit,50.4833333333,-4.6666666667
1322,Annabergit (mit  Nickelin),51.7166666667,10.5166666667
1323,Chlorargyrit,51.7166666667,10.5166666667
1324,Pyromorphit,48.3333333333,-3.65
1325,Pyromorphit,48.4391666667,18.87
1326,Erythrin,50.15,9.3333333333
1327,Erythrin,51,9.9333333333
1328,Erythrin,50.9166666667,13.35
1329,Erythrin,50.8333333333,10.3333333333
1330,Erythrin,50.65,11.4333333333
1331,Lirokonit,50.4833333333,-4.6666666667
1332,Erythrin,50.65,11.3666666667
1333,Erythrin,50.65,11.3666666667
1334,Erythrin,50.65,11.3666666667
1335,Erythrin,50.65,11.3666666667
1336,Erythrin,50.65,11.3666666667
1337,Erythrin,50.65,11.3666666667
1338,Vivianit,52.05,9.05
1339,Wulfenit,43,25
1340,Almandin (Granat),0,0
1341,Seladonit,45.7833333333,10.8
1342,Seladonit,45.4166666667,11.0333333333
1343,Mimetesit,55.4,-3.7833333333
1344,Türkis,32,56
1345,Diopsid (mit Eisenstein und Glimmer),58.45,8.9333333333
1346,Pharmakolith,0,0
1347,Pharmakolith,0,0
1348,Pharmakolith,0,0
1349,Pharmakolith,0,0
1350,Quarz (Bergkristall),56.8666666667,60.5833333333
1351,Quarz,0,0
1352,Quarz (Bergkristall mit Chlorit),-20,47
1353,Quarz (Bergkristall mit Hornblendeasbesteinschluss),46.55,8.5666666667
1354,Quarz (Bergkristall),46.55,8.5666666667
1355,Quarz (Bergkristall mit Hornblendeeinschluss),42.8961111111,0.0619444444
1356,Quarz (Eisenkiesel),50.5,12.6
1357,Quarz (Chalcedon: Achat),0,0
1358,Quarz (Prasem),50.25,10.9666666667
1359,Gips,53.25,10.4
1360,Gips,37.5,14
1361,Gips,50.8683333333,10.5575
1362,Gips,49.9833333333,20.4166666667
1363,Gips,49.0416666667,10.9197222222
1364,Gips,52.2919444444,10.5605555556
1365,Gips,51.75,10.5
1366,Gips,51.75,10.5
1367,Gips,51.7333333333,10.25
1368,Gips,51.7333333333,10.25
1369,Anhydrit,51.6,11.4666666667
1370,Anhydrit,52.1872222222,10.4838888889
1371,Cölestin,52.2,9.3666666667
1372,Andradit (Granat),42.8977777778,0.0658333333
1373,Anglesit,53.25,-4.3333333333
1374,Anglesit,53.25,-4.3333333333
1375,Anglesit,53.25,-4.3333333333
1376,Halit (Kristallmarken),50.9,10.5666666667
1377,Salmiak,40.8166666667,14.4333333333
1378,Salmiak,37.75,15
1379,Salmiak,56,160
1380,Gadolinit-(Y),59.4166666667,18.35
1381,Gadolinit-(Y),59.4166666667,18.35
1382,Rhodochrosit,45.9775,23.04
1383,Rhodochrosit,45.9775,23.04
1384,Strontianit,56.7,-5.5666666667
1385,Strontianit,56.7,-5.5666666667
1386,Pyromorphit,50.75,13.0666666667
1387,Pyromorphit,51.8,10.3333333333
1388,Gahnit,60.6166666667,15.6666666667
1389,Gahnit,60.6166666667,15.6666666667
1390,Siderit,51.8833333333,10.95
1391,Siderit (mit Quarz und Sphalerit),51.8833333333,10.95
